{
  "train_loss": [
    3.493134410998311,
    3.036637374768242,
    2.512319092552502,
    2.014853409684885,
    1.7291407467077335,
    1.5466762678310895,
    1.4060187031285831,
    1.2928063995160235,
    1.1937209832401703,
    1.102708202581436,
    1.0278078911784359,
    0.9522307406599149,
    0.8913812544018316,
    0.8303115794452997,
    0.7747882267537589
  ],
  "val_loss": [
    3.2182390992603604,
    2.958055889795697,
    2.4561417935386536,
    2.223066278866359,
    2.0698658038699436,
    1.952458279473441,
    1.8607144639605568,
    1.8195845891558935,
    1.7845324523865231,
    1.7893907550781492,
    1.7623613410525851,
    1.7549197352121746,
    1.7301533335731143,
    1.772255674241081,
    1.7967848229029821
  ]
}